EmpNumber,Age,Gender,MaritalStatus,EmpJobRole,DistanceFromHomeKm,EmpJobSatisfaction,EmpEnvironmentSatisfaction,EmpRelationshipSatisfaction,EmpJobInvolvement,EmpJobExperience,EmpHourlyRate -> change according to the age & experience,OverTime,EmpLastSalaryHikePercent,EmpWorkLifeBalance,YearsSinceLastPromotion,Attrition,PerformanceRating
E0000001,22,Female,Single,Flight Attendant,10,2,4,2,3,1,18,Yes,11,2,5,Yes,2
E0000002,29,Female,Single,Flight Attendant,14,2,4,2,3,2,21,Yes,8,3,2,No,3
E0000003,29,Female,Married,Flight Attendant,5,2,4,5,2,2,21,Yes,5,3,4,No,2
E0000004,45,Male,Divorced,Check-in agent,10,2,2,1,2,8,28,No,5,2,2,Yes,3
E0000005,54,Male,Single,Flight Attendant,16,2,1,4,3,9,32,No,12,3,4,No,3
E0000006,37,Female,Divorced,Flight Attendant,3,2,4,4,3,4,25,Yes,9,2,4,Yes,3
E0000007,37,Male,Divorced,Flight Attendant,27,2,3,3,3,4,25,Yes,7,2,4,Yes,2
E0000008,44,Male,Married,Check-in agent,3,3,3,3,2,7,28,No,5,4,2,No,2
E0000009,48,Female,Single,Flight Attendant,26,2,3,3,3,11,28,No,10,2,2,Yes,3
E0000010,42,Female,Single,Flight Attendant,27,2,2,1,4,12,28,No,9,3,4,No,2
E0000011,38,Male,Single,Flight Attendant,2,2,4,4,3,3,25,Yes,7,3,5,No,2
E0000012,24,Female,Single,Flight Attendant,8,2,1,3,2,2,18,Yes,11,3,4,No,3
E0000013,26,Female,Single,Flight Attendant,8,2,4,5,2,2,21,Yes,7,2,1,Yes,2
E0000014,34,Female,Married,Flight Attendant,8,2,3,5,3,3,23,Yes,3,3,1,No,3
E0000015,53,Female,Married,Flight Attendant,8,2,3,2,3,14,32,No,11,3,3,No,3
E0000016,53,Female,Single,Flight Attendant,16,2,1,5,3,15,32,No,5,3,3,No,2
E0000017,48,Female,Married,Flight Attendant,11,4,3,4,3,14,28,No,8,4,4,No,4
E0000018,43,Male,Single,Flight Attendant,2,2,3,4,3,12,28,No,12,2,1,Yes,2
E0000019,23,Female,Married,Flight Attendant,2,2,2,3,3,1,18,Yes,10,3,4,No,3
E0000020,44,Female,Married,Check-in agent,26,2,1,4,3,11,28,No,3,2,3,Yes,3
E0000021,53,Male,Married,Flight Attendant,1,2,2,3,3,16,32,No,5,2,1,Yes,3
E0000022,55,Female,Married,Flight Attendant,7,2,1,1,2,20,32,No,9,3,1,No,2
E0000023,32,Male,Divorced,Flight Attendant,9,2,4,5,3,4,23,Yes,3,3,3,No,2
E0000024,39,Male,Divorced,Flight Attendant,16,2,4,2,2,4,25,Yes,9,3,3,No,3
E0000025,52,Female,Married,Flight Attendant,3,2,3,2,3,12,32,No,6,3,1,No,3
E0000026,41,Female,Married,Flight Attendant,5,2,2,4,3,9,28,No,3,3,3,No,3
E0000027,54,Female,Married,Flight Attendant,8,2,1,3,3,8,32,No,7,3,4,No,3
E0000028,32,Female,Married,Flight Attendant,2,2,3,5,3,1,23,Yes,10,3,2,No,3
E0000029,35,Female,Single,Flight Attendant,19,2,1,4,3,2,23,Yes,6,3,3,No,3
E0000030,37,Female,Single,Flight Attendant,14,2,3,4,2,3,25,Yes,10,3,2,No,3
E0000031,50,Female,Married,Flight Attendant,20,2,4,2,3,12,28,No,7,2,3,Yes,2
E0000032,55,Female,Married,Flight Attendant,3,2,3,4,2,13,32,No,5,3,1,No,3
E0000033,27,Female,Married,Flight Attendant,1,5,1,5,2,2,21,Yes,11,1,2,Yes,5
E0000034,47,Female,Married,Flight Attendant,18,2,3,2,3,12,28,No,9,3,4,No,2
E0000035,38,Male,Divorced,Check-in agent,2,4,3,3,3,3,25,Yes,11,4,3,No,4
E0000036,40,Male,Divorced,Flight Attendant,8,4,3,2,3,11,25,Yes,8,4,5,No,4
E0000037,31,Male,Divorced,Flight Attendant,3,2,4,4,3,4,23,Yes,3,3,1,No,2
E0000038,51,Female,Single,Flight Attendant,2,2,1,4,4,8,32,No,8,3,4,No,3
E0000039,36,Female,Single,Flight Attendant,24,2,2,1,4,9,25,Yes,6,2,5,Yes,2
E0000040,25,Female,Divorced,Flight Attendant,8,2,1,1,3,7,18,Yes,9,3,1,No,3
E0000041,46,Male,Single,Check-in agent,17,2,4,5,3,11,28,No,8,3,3,No,3
E0000042,33,Female,Single,Flight Attendant,4,2,4,3,3,12,23,Yes,6,3,3,No,3
E0000043,36,Male,Divorced,Check-in agent,14,5,3,1,2,14,25,Yes,11,1,4,Yes,5
E0000044,23,Female,Married,Check-in agent,1,2,3,2,3,15,18,Yes,5,3,3,No,3
E0000045,55,Female,Divorced,Check-in agent,25,2,3,1,3,14,32,No,6,2,1,Yes,2
E0000046,44,Male,Married,Check-in agent,8,2,2,1,1,12,28,No,9,2,2,Yes,2
E0000047,23,Male,Single,Check-in agent,6,2,1,1,2,11,18,Yes,12,3,3,No,2
E0000048,31,Female,Single,Check-in agent,7,2,4,4,3,16,23,Yes,4,3,1,No,3
E0000049,53,Female,Married,Check-in agent,1,2,4,2,2,20,32,No,11,3,2,No,3
E0000050,45,Female,Divorced,Check-in agent,10,2,2,4,3,12,28,No,11,2,2,Yes,2
E0000051,39,Female,Married,Check-in agent,5,3,4,3,3,9,25,Yes,6,4,1,No,2
E0000052,41,Female,Married,Check-in agent,9,2,1,5,3,8,28,No,3,3,5,No,3
E0000053,38,Female,Single,Check-in agent,2,2,3,1,2,12,25,Yes,5,3,4,No,3
E0000054,52,Female,Married,Check-in agent,18,2,3,4,3,13,32,No,11,3,3,No,3
E0000055,55,Female,Single,Flight Attendant,3,2,2,5,3,12,32,No,12,3,4,No,2
E0000056,33,Female,Single,Flight Attendant,29,2,2,1,1,11,23,Yes,5,3,3,No,2
E0000057,26,Female,Married,Check-in agent,2,2,1,5,1,1,21,Yes,3,3,4,No,3
E0000058,32,Female,Married,Flight Attendant,28,2,4,2,4,4,23,Yes,8,3,5,No,3
E0000059,54,Female,Married,Flight Attendant,1,2,4,1,3,8,32,No,9,3,1,No,3
E0000060,31,Female,Single,Check-in agent,22,2,4,4,3,9,23,Yes,11,3,3,No,2
E0000061,47,Female,Married,Check-in agent,11,4,4,4,3,7,28,No,10,4,4,No,4
E0000062,38,Male,Divorced,Flight Attendant,1,2,2,4,4,11,25,Yes,7,2,1,Yes,2
E0000063,55,Male,Married,Check-in agent,1,5,2,3,3,12,32,No,9,1,3,Yes,5
E0000064,27,Male,Divorced,Check-in agent,15,2,1,3,3,14,21,Yes,11,2,2,Yes,2
E0000065,50,Female,Single,Check-in agent,3,2,4,4,3,15,28,No,11,2,2,Yes,2
E0000066,44,Male,Married,Flight Attendant,26,2,3,2,3,14,28,No,5,2,1,Yes,2
E0000067,28,Female,Married,Flight Attendant,2,2,3,2,2,12,21,Yes,8,3,1,No,3
E0000068,43,Female,Single,Check-in agent,12,2,4,4,2,11,28,No,5,2,5,Yes,2
E0000069,48,Male,Single,Check-in agent,2,3,3,3,2,16,28,No,3,4,4,No,2
E0000070,21,Female,Divorced,Flight Attendant,25,2,3,1,2,20,18,Yes,9,3,5,No,3
E0000071,48,Female,Married,Check-in agent,1,2,1,3,2,12,28,No,3,3,2,No,3
E0000072,26,Female,Married,Check-in agent,17,2,3,3,2,9,21,Yes,12,2,1,Yes,2
E0000073,55,Female,Married,Check-in agent,2,2,4,3,3,8,32,No,10,3,2,No,2
E0000074,22,Female,Single,Check-in agent,3,2,1,5,3,12,18,Yes,3,2,3,Yes,2
E0000075,39,Female,Married,Check-in agent,4,4,4,3,3,13,25,Yes,11,4,5,No,4
E0000076,55,Male,Divorced,Check-in agent,21,2,1,5,3,12,32,No,9,2,1,Yes,2
E0000077,38,Male,Married,Check-in agent,2,2,4,3,3,11,25,Yes,6,3,2,No,2
E0000078,29,Male,Divorced,Check-in agent,1,2,1,3,2,2,21,Yes,12,3,2,No,3
E0000079,41,Female,Single,Flight Attendant,1,2,4,5,3,8,28,No,3,3,5,No,3
E0000080,44,Female,Married,Flight Attendant,7,2,4,2,3,9,28,No,10,3,2,No,3
E0000081,47,Female,Single,Check-in agent,1,2,1,1,4,7,28,No,8,2,2,Yes,2
E0000082,45,Female,Married,Flight Attendant,9,2,2,3,2,11,28,No,10,3,1,No,2
E0000083,31,Female,Single,Check-in agent,7,2,2,5,3,12,23,Yes,5,3,5,No,2
E0000084,27,Female,Divorced,Flight Attendant,10,2,3,2,2,14,21,Yes,9,3,2,No,3
E0000085,37,Female,Divorced,Check-in agent,28,2,3,1,3,15,25,Yes,7,3,1,No,3
E0000086,27,Female,Divorced,Check-in agent,3,2,4,1,3,14,21,Yes,6,2,4,Yes,2
E0000087,29,Male,Married,Check-in agent,3,2,1,5,3,12,21,Yes,7,3,2,No,2
E0000088,27,Male,Single,Flight Attendant,2,2,4,1,3,11,21,Yes,4,3,5,No,3
E0000089,53,Male,Divorced,Check-in agent,2,2,1,1,3,16,32,No,5,3,3,No,3
E0000090,42,Male,Single,Check-in agent,14,3,3,1,2,20,28,No,11,4,1,No,2
E0000091,46,Female,Single,Check-in agent,9,2,3,2,3,12,28,No,4,2,4,Yes,2
E0000092,49,Female,Single,Check-in agent,18,2,1,3,3,9,28,No,6,3,1,No,2
E0000093,49,Female,Married,Check-in agent,2,5,1,5,2,8,28,No,8,1,2,Yes,5
E0000094,41,Female,Divorced,Flight Attendant,11,2,4,1,3,12,28,No,8,3,2,No,3
E0000095,55,Female,Married,Flight Attendant,8,2,4,4,2,13,32,No,3,3,4,No,2
E0000096,50,Female,Single,Check-in agent,2,2,4,1,3,12,28,No,5,2,2,Yes,2
E0000097,44,Male,Single,Check-in agent,29,2,2,3,1,11,28,No,9,3,2,No,3
E0000098,28,Male,Married,Check-in agent,8,2,2,4,2,1,21,Yes,11,2,2,Yes,2
E0000099,45,Female,Single,Check-in agent,8,2,3,4,3,8,28,No,11,3,2,No,3
E0000100,40,Female,Single,Flight Attendant,9,2,1,5,3,9,25,Yes,6,3,1,No,2
E0000101,45,Female,Married,Check-in agent,12,2,2,3,3,7,28,No,10,3,3,No,3
E0000102,55,Female,Married,Check-in agent,15,2,3,3,3,11,32,No,10,2,2,Yes,2
E0000103,48,Female,Divorced,Check-in agent,25,2,3,3,2,12,28,No,8,3,5,No,3
E0000104,42,Female,Married,Flight Attendant,9,2,2,5,3,14,28,No,3,2,3,Yes,2
E0000105,52,Female,Married,Flight Attendant,23,5,4,5,2,15,32,No,6,1,3,Yes,5
E0000106,21,Male,Single,Flight Attendant,12,2,3,3,3,14,18,Yes,10,2,1,Yes,2
E0000107,30,Male,Single,Flight Attendant,4,4,2,1,3,12,21,Yes,10,4,3,No,4
E0000108,26,Male,Single,Check-in agent,24,2,4,4,3,11,21,Yes,11,3,3,No,3
E0000109,50,Female,Married,Check-in agent,12,2,3,4,3,16,28,No,4,2,4,Yes,2
E0000110,23,Female,Married,Check-in agent,3,2,1,1,4,20,18,Yes,12,3,5,No,3
E0000111,33,Female,Married,Flight Attendant,10,2,3,2,2,12,23,Yes,7,3,4,No,2
E0000112,54,Female,Divorced,Check-in agent,2,4,3,3,2,9,32,No,7,4,5,No,3
E0000113,34,Female,Single,Check-in agent,1,2,4,3,2,8,23,Yes,9,3,5,No,2
E0000114,21,Female,Married,Check-in agent,4,3,4,5,2,12,18,Yes,9,4,4,No,3
E0000115,38,Female,Single,Flight Attendant,9,2,1,5,1,13,25,Yes,4,2,1,Yes,2
E0000116,43,Female,Divorced,Check-in agent,4,2,4,3,3,12,28,No,9,3,3,No,3
E0000117,23,Female,Married,Check-in agent,6,2,2,1,3,11,18,Yes,10,3,4,No,3
E0000118,36,Female,Married,Check-in agent,7,2,1,3,3,4,25,Yes,8,2,5,Yes,2
E0000119,39,Female,Married,Check-in agent,1,2,4,2,2,1,25,Yes,3,2,1,Yes,2
E0000120,24,Male,Single,Check-in agent,10,2,3,3,3,1,18,Yes,11,3,4,No,3
E0000121,49,Female,Divorced,Check-in agent,7,2,4,2,3,8,28,No,5,3,5,No,2
E0000122,47,Male,Married,Check-in agent,3,2,3,5,2,9,28,No,10,3,5,No,2
E0000123,45,Female,Married,Check-in agent,2,2,3,4,3,7,28,No,12,3,3,No,3
E0000124,27,Male,Divorced,Flight Attendant,29,2,3,2,3,11,21,Yes,7,3,3,No,3
E0000125,43,Male,Married,Flight Attendant,2,2,2,4,3,12,28,No,3,3,1,No,3
E0000126,41,Female,Married,Check-in agent,2,2,4,5,3,14,28,No,5,3,5,No,2
E0000127,41,Male,Married,Check-in agent,15,2,4,2,3,15,28,No,7,3,3,No,2
E0000128,23,Female,Married,Flight Attendant,17,2,3,1,3,14,18,Yes,7,3,3,No,3
E0000129,40,Female,Married,Check-in agent,17,5,4,4,3,12,25,Yes,3,1,3,Yes,5
E0000130,37,Female,Married,Flight Attendant,25,2,2,3,3,11,25,Yes,8,2,3,Yes,2
E0000131,26,Female,Divorced,Check-in agent,6,2,3,1,1,16,21,Yes,4,3,3,No,3
E0000132,47,Female,Married,Check-in agent,13,2,3,2,2,20,28,No,12,3,3,No,3
E0000133,31,Female,Single,Check-in agent,2,2,4,5,3,12,23,Yes,11,3,2,No,2
E0000134,26,Female,Divorced,Check-in agent,1,2,3,2,1,9,21,Yes,5,3,1,No,2
E0000135,35,Male,Single,Flight Attendant,10,2,3,1,3,8,23,Yes,3,3,5,No,3
E0000136,45,Male,Married,Check-in agent,14,2,1,1,3,12,28,No,9,2,5,Yes,2
E0000137,38,Female,Divorced,Check-in agent,1,5,4,5,3,13,25,Yes,3,1,3,Yes,5
E0000138,46,Female,Married,Check-in agent,2,2,1,2,4,12,28,No,7,3,2,No,2
E0000139,32,Male,Married,Check-in agent,11,2,3,2,3,11,23,Yes,3,2,5,Yes,2
E0000140,35,Male,Married,Check-in agent,4,4,1,1,2,1,23,Yes,10,4,1,No,4
E0000141,45,Male,Single,Check-in agent,2,2,4,1,4,8,28,No,9,2,5,Yes,2
E0000142,51,Male,Divorced,Check-in agent,7,2,3,4,3,9,32,No,5,3,5,No,3
E0000143,48,Male,Married,Check-in agent,5,2,2,5,3,7,28,No,8,3,1,No,2
E0000144,25,Female,Single,Check-in agent,2,2,1,2,1,11,18,Yes,8,3,1,No,3
E0000145,33,Male,Divorced,Check-in agent,8,2,4,2,2,12,23,Yes,9,3,3,No,3
E0000146,33,Female,Single,Check-in agent,10,5,1,3,2,14,23,Yes,5,1,1,Yes,5
E0000147,37,Female,Married,Check-in agent,4,2,4,5,2,15,25,Yes,4,3,2,No,3
E0000148,45,Female,Single,Flight Attendant,2,2,3,4,3,14,28,No,3,3,1,No,2
E0000149,25,Male,Divorced,Check-in agent,9,2,4,4,3,12,18,Yes,11,2,4,Yes,2
E0000150,28,Female,Single,Check-in agent,18,2,4,4,3,11,21,Yes,6,2,5,Yes,2
E0000151,24,Female,Divorced,Check-in agent,19,3,3,1,3,16,18,Yes,10,4,1,No,3
E0000152,44,Female,Single,Check-in agent,1,2,4,2,3,20,28,No,3,2,1,Yes,2
E0000153,39,Female,Divorced,Check-in agent,4,2,3,3,4,12,25,Yes,8,2,3,Yes,2
E0000154,45,Female,Single,Flight Attendant,4,4,4,3,2,9,28,No,7,4,3,No,4
E0000155,43,Female,Single,Check-in agent,2,2,3,5,3,8,28,No,4,3,2,No,3
E0000156,50,Female,Married,Check-in agent,2,2,4,1,2,12,28,No,5,3,5,No,3
E0000157,23,Female,Single,Check-in agent,6,2,2,5,2,13,18,Yes,4,2,4,Yes,2
E0000158,31,Female,Single,Check-in agent,9,2,3,5,3,12,23,Yes,3,3,4,No,2
E0000159,30,Female,Divorced,Check-in agent,7,2,2,4,3,11,21,Yes,12,3,1,No,3
E0000160,31,Female,Married,Flight Attendant,8,4,3,2,4,2,23,Yes,11,4,4,No,4
E0000161,44,Female,Single,Check-in agent,25,2,2,1,3,8,28,No,6,3,3,No,3
E0000162,28,Female,Divorced,Check-in agent,13,2,3,5,2,9,21,Yes,3,3,4,No,3
E0000163,49,Male,Married,Check-in agent,7,2,4,2,3,7,28,No,5,3,5,No,2
E0000164,33,Female,Married,Check-in agent,10,2,4,1,3,11,23,Yes,7,3,4,No,2
E0000165,25,Female,Married,Check-in agent,1,2,3,4,1,12,18,Yes,4,3,1,No,2
E0000166,34,Female,Married,Check-in agent,28,2,4,1,3,14,23,Yes,8,3,4,No,2
E0000167,35,Male,Single,Flight Attendant,25,2,4,4,2,15,23,Yes,6,3,2,No,3
E0000168,44,Male,Single,Flight Attendant,5,2,2,4,3,14,28,No,9,2,2,Yes,2
E0000169,33,Female,Divorced,Flight Attendant,2,2,4,1,3,12,23,Yes,11,2,1,Yes,2
E0000170,41,Female,Single,Flight Attendant,10,2,3,4,1,11,28,No,8,3,3,No,3
E0000171,53,Female,Married,Check-in agent,2,2,4,5,1,16,32,No,8,3,5,No,2
E0000172,26,Female,Single,Check-in agent,8,2,4,5,3,20,21,Yes,11,3,3,No,3
E0000173,55,Female,Divorced,Check-in agent,9,2,4,1,3,12,32,No,10,2,5,Yes,2
E0000174,49,Female,Divorced,Flight Attendant,1,2,3,1,3,9,28,No,3,3,1,No,2
E0000175,55,Male,Divorced,Check-in agent,5,2,3,4,3,8,32,No,4,3,1,No,3
E0000176,45,Female,Divorced,Flight Attendant,2,2,2,5,3,12,28,No,6,3,4,No,2
E0000177,51,Female,Single,Flight Attendant,15,3,3,2,3,13,32,No,3,4,1,No,3
E0000178,45,Male,Married,Check-in agent,19,2,4,3,3,12,28,No,11,2,2,Yes,2
E0000179,30,Female,Married,Check-in agent,7,2,3,5,2,11,21,Yes,5,2,3,Yes,2
E0000180,51,Female,Married,Check-in agent,1,2,2,3,3,8,32,No,6,3,5,No,3
E0000181,21,Female,Married,Flight Attendant,7,2,1,3,4,9,18,Yes,3,2,2,Yes,2
E0000182,36,Female,Single,Check-in agent,4,2,4,5,3,7,25,Yes,11,3,4,No,2
E0000183,48,Female,Single,Check-in agent,11,2,4,4,2,11,28,No,7,2,5,Yes,2
E0000184,49,Female,Single,Check-in agent,1,4,4,3,3,12,28,No,6,4,3,No,3
E0000185,25,Female,Married,Check-in agent,1,2,4,1,2,14,18,Yes,9,3,1,No,3
E0000186,23,Male,Single,Flight Attendant,2,2,4,1,1,15,18,Yes,6,3,5,No,2
E0000187,26,Male,Single,Flight Attendant,13,2,1,2,4,14,21,Yes,3,2,3,Yes,2
E0000188,49,Male,Married,Check-in agent,23,2,4,3,3,12,28,No,3,3,1,No,3
E0000189,25,Female,Divorced,Check-in agent,2,2,2,3,4,11,18,Yes,10,3,1,No,2
E0000190,49,Female,Married,Check-in agent,29,2,2,4,3,16,28,No,3,3,1,No,2
E0000191,30,Female,Single,Check-in agent,2,4,3,5,3,20,21,Yes,9,4,4,No,3
E0000192,32,Female,Married,Flight Attendant,26,2,3,3,2,12,23,Yes,9,3,5,No,2
E0000193,36,Female,Married,Flight Attendant,21,3,1,1,2,9,25,Yes,3,4,2,No,2
E0000194,46,Female,Married,Flight Attendant,2,2,2,4,3,8,28,No,3,3,1,No,2
E0000195,38,Female,Divorced,Check-in agent,22,2,4,3,3,12,25,Yes,8,2,5,Yes,2
E0000196,22,Male,Married,Flight Attendant,5,3,2,3,3,13,18,Yes,7,4,5,No,3
E0000197,38,Male,Married,Flight Attendant,2,2,3,2,3,12,25,Yes,7,2,3,Yes,2
E0000198,40,Female,Married,Check-in agent,25,2,3,3,3,11,25,Yes,12,3,2,No,3
E0000199,41,Female,Married,Flight Attendant,18,2,1,1,4,8,28,No,8,2,4,Yes,2
E0000200,52,Female,Married,Check-in agent,28,2,4,1,4,9,32,No,3,2,1,Yes,2
E0000201,45,Female,Married,Flight Attendant,10,2,4,4,2,7,28,No,7,3,2,No,3
E0000202,54,Female,Married,Check-in agent,10,2,3,1,3,11,32,No,9,3,1,No,2
E0000203,53,Female,Single,Check-in agent,11,2,1,1,3,12,32,No,10,3,2,No,3
E0000204,32,Female,Single,Check-in agent,18,2,3,4,3,14,23,Yes,4,3,3,No,3
E0000205,42,Female,Married,Check-in agent,1,2,1,5,3,15,28,No,11,2,3,Yes,2
E0000206,54,Female,Single,Check-in agent,28,2,1,5,2,14,32,No,4,3,4,No,3
E0000207,25,Female,Married,Check-in agent,1,2,4,3,3,12,18,Yes,11,3,4,No,3
E0000208,47,Female,Single,Flight Attendant,3,2,1,1,3,11,28,No,8,3,5,No,3
E0000209,31,Female,Divorced,Flight Attendant,7,2,4,4,3,16,23,Yes,3,3,2,No,3
E0000210,32,Female,Married,Check-in agent,11,3,2,5,3,20,23,Yes,12,4,4,No,3
E0000211,28,Female,Single,Check-in agent,4,2,1,5,2,12,21,Yes,4,2,5,Yes,2
E0000212,31,Female,Single,Check-in agent,5,5,3,3,4,9,23,Yes,3,1,2,Yes,5
E0000213,35,Female,Married,Check-in agent,1,4,1,2,3,8,23,Yes,5,4,4,No,4
E0000214,45,Female,Married,Flight Attendant,4,2,4,4,3,12,28,No,10,3,4,No,3
E0000215,44,Female,Married,Check-in agent,1,2,4,3,2,13,28,No,6,2,2,Yes,2
E0000216,27,Male,Married,Check-in agent,5,2,2,4,4,12,21,Yes,8,2,3,Yes,2
E0000217,43,Male,Divorced,Check-in agent,9,4,3,2,3,11,28,No,9,4,4,No,3
E0000218,48,Male,Divorced,Flight Attendant,8,2,1,3,3,8,28,No,5,3,2,No,2
E0000219,45,Female,Single,Check-in agent,2,4,1,4,2,9,28,No,3,4,3,No,3
E0000220,35,Female,Single,Check-in agent,1,2,3,1,4,7,23,Yes,6,3,4,No,3
E0000221,43,Male,Divorced,Check-in agent,20,2,2,4,1,11,28,No,11,3,2,No,3
E0000222,40,Male,Married,Check-in agent,29,4,2,4,3,12,25,Yes,7,4,3,No,3
E0000223,24,Male,Single,Check-in agent,5,2,3,3,2,14,18,Yes,8,3,3,No,2
E0000224,49,Female,Married,Check-in agent,5,2,1,2,3,15,28,No,6,2,5,Yes,2
E0000225,53,Female,Single,Check-in agent,20,2,4,2,3,14,32,No,7,2,3,Yes,2
E0000226,54,Female,Married,Flight Attendant,7,2,4,2,3,12,32,No,4,3,4,No,3
E0000227,39,Male,Single,Flight Attendant,3,2,4,2,1,11,25,Yes,12,3,2,No,2
E0000228,41,Male,Married,Flight Attendant,16,2,4,4,3,16,28,No,5,2,1,Yes,2
E0000229,38,Female,Single,Check-in agent,9,2,1,4,3,20,25,Yes,9,3,1,No,3
E0000230,50,Female,Married,Flight Attendant,1,2,1,1,3,12,28,No,9,2,1,Yes,2
E0000231,26,Male,Divorced,Check-in agent,7,2,3,1,3,9,21,Yes,3,3,2,No,3
E0000232,44,Female,Single,Flight Attendant,24,4,1,4,2,8,28,No,12,4,1,No,3
E0000233,31,Female,Single,Check-in agent,2,2,2,1,3,12,23,Yes,8,2,2,Yes,2
E0000234,26,Female,Divorced,Flight Attendant,19,2,3,1,2,13,21,Yes,4,3,1,No,3
E0000235,49,Female,Married,Check-in agent,4,2,4,4,3,12,28,No,8,3,4,No,3
E0000236,27,Female,Married,Check-in agent,4,2,1,4,2,11,21,Yes,12,3,3,No,3
E0000237,48,Female,Married,Flight Attendant,14,2,3,2,3,8,28,No,9,2,1,Yes,2
E0000238,52,Male,Single,Check-in agent,2,2,3,5,2,9,32,No,7,2,2,Yes,2
E0000239,38,Male,Divorced,Check-in agent,1,5,1,3,2,7,25,Yes,12,1,4,Yes,5
E0000240,43,Male,Single,Flight Attendant,7,2,3,5,3,11,28,No,9,3,2,No,3
E0000241,40,Female,Married,Check-in agent,3,2,3,2,2,12,25,Yes,9,3,2,No,2
E0000242,47,Female,Married,Check-in agent,2,2,4,1,3,14,28,No,6,3,4,No,3
E0000243,46,Male,Married,Check-in agent,29,2,3,3,1,15,28,No,8,2,5,Yes,2
E0000244,54,Male,Single,Check-in agent,8,2,4,1,3,14,32,No,12,3,5,No,3
E0000245,29,Male,Single,Check-in agent,10,4,3,3,3,12,21,Yes,10,4,5,No,3
E0000246,47,Female,Divorced,Check-in agent,11,2,2,3,3,11,28,No,7,3,5,No,2
E0000247,46,Female,Married,Check-in agent,3,4,3,2,3,16,28,No,9,4,2,No,3
E0000248,52,Female,Single,Check-in agent,16,5,4,4,2,20,32,No,6,1,4,Yes,5
E0000249,33,Female,Single,Check-in agent,20,2,1,2,3,12,23,Yes,11,3,2,No,3
E0000250,24,Female,Single,Check-in agent,9,5,4,1,3,9,18,Yes,6,1,2,Yes,5
E0000251,55,Female,Married,Flight Attendant,1,2,4,2,2,8,32,No,10,3,4,No,2
E0000252,37,Male,Married,Check-in agent,2,2,3,4,2,12,25,Yes,9,3,4,No,3
E0000253,55,Female,Married,Check-in agent,8,2,3,3,1,13,32,No,8,3,5,No,3
E0000254,53,Male,Single,Check-in agent,25,2,4,1,2,12,32,No,9,3,4,No,3
E0000255,51,Female,Married,Check-in agent,2,5,4,3,3,11,32,No,4,1,4,Yes,5
E0000256,50,Female,Married,Flight Attendant,9,3,1,2,3,8,28,No,3,4,1,No,3
E0000257,47,Female,Married,Check-in agent,28,2,2,4,3,9,28,No,4,3,3,No,3
E0000258,21,Male,Single,Check-in agent,6,2,3,2,3,7,18,Yes,7,3,5,No,2
E0000259,41,Female,Divorced,Check-in agent,21,2,3,1,2,11,28,No,10,3,2,No,3
E0000260,47,Female,Divorced,Check-in agent,8,2,4,1,3,12,28,No,11,3,3,No,3
E0000261,26,Female,Divorced,Check-in agent,1,2,1,1,3,14,21,Yes,7,3,1,No,3
E0000262,45,Female,Divorced,Flight Attendant,16,2,3,4,3,15,28,No,3,3,3,No,2
E0000263,29,Male,Married,Flight Attendant,8,5,1,4,3,14,21,Yes,7,1,5,Yes,5
E0000264,33,Male,Married,Flight Attendant,1,2,2,5,2,12,23,Yes,10,3,3,No,3
E0000265,38,Male,Married,Flight Attendant,29,2,3,5,3,11,25,Yes,11,3,1,No,3
E0000266,31,Female,Divorced,Check-in agent,2,2,1,3,3,16,23,Yes,6,3,5,No,2
E0000267,45,Female,Married,Check-in agent,2,2,3,3,2,20,28,No,5,3,4,No,3
E0000268,46,Male,Married,Check-in agent,2,2,3,2,3,12,28,No,7,3,3,No,3
E0000269,23,Female,Married,Check-in agent,15,2,3,4,3,9,18,Yes,4,2,1,Yes,2
E0000270,21,Male,Married,Check-in agent,26,2,3,4,2,8,18,Yes,3,3,1,No,3
E0000271,21,Male,Married,Check-in agent,1,2,2,2,3,12,18,Yes,6,2,4,Yes,2
E0000272,50,Female,Married,Flight Attendant,14,2,3,2,3,13,28,No,8,3,5,No,3
E0000273,42,Female,Single,Flight Attendant,1,2,2,5,3,12,28,No,11,3,3,No,3
E0000274,51,Female,Single,Check-in agent,3,2,2,1,3,11,32,No,5,3,2,No,2
E0000275,41,Female,Single,Check-in agent,10,2,1,1,3,8,28,No,9,3,2,No,3
E0000276,27,Male,Married,Flight Attendant,6,2,4,2,4,9,21,Yes,3,3,1,No,2
E0000277,31,Male,Divorced,Flight Attendant,2,3,1,3,3,7,23,Yes,6,4,3,No,3
E0000278,42,Male,Married,Check-in agent,9,2,3,2,3,11,28,No,12,3,2,No,3
E0000279,30,Male,Married,Flight Attendant,10,2,4,3,4,12,21,Yes,6,3,3,No,3
E0000280,51,Female,Married,Flight Attendant,28,2,2,1,4,14,32,No,8,2,3,Yes,2
E0000281,36,Female,Married,Flight Attendant,10,2,4,3,2,15,25,Yes,7,2,4,Yes,2
E0000282,46,Female,Divorced,Flight Attendant,27,2,4,3,4,14,28,No,3,3,5,No,3
E0000283,41,Male,Married,Flight Attendant,24,2,3,4,3,12,28,No,7,3,2,No,3
E0000284,44,Female,Married,Flight Attendant,26,2,2,4,2,11,28,No,4,2,4,Yes,2
E0000285,33,Male,Married,Flight Attendant,20,2,2,2,3,16,23,Yes,6,3,2,No,3
E0000286,44,Female,Married,Flight Attendant,5,2,2,3,4,20,28,No,8,3,3,No,2
E0000287,49,Female,Divorced,Flight Attendant,7,2,2,4,3,12,28,No,10,2,3,Yes,2
E0000288,37,Male,Married,Flight Attendant,7,2,2,3,2,9,25,Yes,3,2,4,Yes,2
E0000289,22,Female,Single,Flight Attendant,5,2,3,1,1,8,18,Yes,8,3,2,No,3
E0000290,29,Male,Married,Flight Attendant,26,2,1,1,2,12,21,Yes,8,3,5,No,3
E0000291,44,Female,Single,Flight Attendant,2,2,4,2,3,13,28,No,11,3,4,No,2
E0000292,34,Female,Married,Flight Attendant,12,2,3,1,3,12,23,Yes,8,3,4,No,3
E0000293,45,Female,Divorced,Flight Attendant,10,2,3,1,4,11,28,No,8,3,2,No,3
E0000294,37,Female,Married,Flight Attendant,25,2,3,2,3,4,25,Yes,12,2,4,Yes,2
E0000295,42,Male,Divorced,Flight Attendant,19,2,4,4,2,8,28,No,8,3,5,No,2
E0000296,24,Male,Married,Flight Attendant,18,2,2,1,4,9,18,Yes,8,3,2,No,3
E0000297,22,Female,Divorced,Flight Attendant,27,2,2,1,1,7,18,Yes,9,2,5,Yes,2
E0000298,48,Male,Single,Flight Attendant,5,2,3,2,3,11,28,No,9,3,5,No,2
E0000299,33,Female,Married,Check-in agent,26,2,4,5,3,12,23,Yes,5,3,1,No,3
E0000300,39,Male,Divorced,Flight Attendant,3,2,3,3,2,14,25,Yes,4,3,3,No,2
E0000301,44,Female,Married,Flight Attendant,8,2,3,2,3,15,28,No,4,3,5,No,2
E0000302,23,Female,Married,Flight Attendant,19,2,3,4,3,14,18,Yes,5,2,3,Yes,2
E0000303,43,Female,Single,Flight Attendant,4,5,1,4,3,12,28,No,8,1,1,Yes,5
E0000304,51,Female,Married,Flight Attendant,2,4,4,5,2,11,32,No,9,4,2,No,3
E0000305,25,Female,Married,Flight Attendant,10,5,2,4,3,16,18,Yes,6,1,1,Yes,5
E0000306,39,Female,Single,Flight Attendant,16,2,3,1,3,20,25,Yes,3,2,1,Yes,2
E0000307,25,Male,Divorced,Flight Attendant,15,2,1,1,1,12,18,Yes,6,2,5,Yes,2
E0000308,31,Female,Single,Flight Attendant,2,2,1,3,3,9,23,Yes,3,3,5,No,3
E0000309,49,Female,Married,Flight Attendant,8,2,2,2,4,8,28,No,12,3,4,No,3
E0000310,32,Female,Single,Flight Attendant,2,2,4,2,3,12,23,Yes,3,2,1,Yes,2
E0000311,51,Female,Divorced,Flight Attendant,2,2,4,5,4,13,32,No,4,3,4,No,2
E0000312,54,Female,Married,Flight Attendant,12,2,4,5,3,12,32,No,3,3,2,No,3
E0000313,34,Female,Married,Flight Attendant,22,2,1,1,3,11,23,Yes,10,3,1,No,2
E0000314,48,Female,Divorced,Flight Attendant,17,2,4,1,2,8,28,No,4,3,4,No,3
E0000315,53,Female,Divorced,Flight Attendant,3,2,4,1,3,9,32,No,6,3,4,No,2
E0000316,44,Male,Single,Flight Attendant,7,2,1,5,3,7,28,No,3,3,1,No,3
E0000317,48,Female,Married,Flight Attendant,6,2,3,4,2,11,28,No,4,3,2,No,3
E0000318,52,Female,Married,Flight Attendant,1,2,4,3,2,12,32,No,7,3,2,No,2
E0000319,50,Female,Divorced,Flight Attendant,3,2,4,1,4,14,28,No,8,3,5,No,3
E0000320,47,Female,Married,Flight Attendant,22,2,2,1,3,15,28,No,5,3,1,No,3
E0000321,39,Female,Married,Flight Attendant,15,2,3,5,2,14,25,Yes,3,3,5,No,3
E0000322,55,Female,Single,Flight Attendant,12,4,4,2,3,12,32,No,5,4,3,No,3
E0000323,37,Female,Divorced,Flight Attendant,5,2,1,4,2,11,25,Yes,5,2,5,Yes,2
E0000324,49,Female,Divorced,Flight Attendant,2,2,4,3,3,16,28,No,3,3,2,No,2
E0000325,22,Male,Divorced,Flight Attendant,2,2,4,3,3,20,18,Yes,7,2,4,Yes,2
E0000326,38,Female,Married,Flight Attendant,5,2,1,4,3,12,25,Yes,5,3,5,No,3
E0000327,48,Female,Divorced,Flight Attendant,16,2,4,3,3,9,28,No,12,2,5,Yes,2
E0000328,48,Female,Divorced,Flight Attendant,16,2,3,4,3,8,28,No,7,3,1,No,3
E0000329,43,Female,Married,Flight Attendant,26,2,1,1,3,12,28,No,7,2,5,Yes,2
E0000330,27,Female,Single,Flight Attendant,8,2,4,4,2,13,21,Yes,10,3,5,No,3
E0000331,34,Female,Married,Flight Attendant,4,2,4,3,3,12,23,Yes,11,2,5,Yes,2
E0000332,39,Female,Married,Flight Attendant,24,2,2,2,4,11,25,Yes,4,3,2,No,3
E0000333,49,Female,Single,Flight Attendant,2,2,4,4,3,8,28,No,8,3,1,No,2
E0000334,34,Female,Single,Flight Attendant,7,2,4,5,3,9,23,Yes,3,3,5,No,2
E0000335,40,Male,Divorced,Flight Attendant,22,2,1,5,2,7,25,Yes,9,3,2,No,3
E0000336,53,Female,Married,Check-in agent,5,4,2,4,2,11,32,No,7,4,3,No,4
E0000337,54,Female,Divorced,Check-in agent,1,4,3,1,1,12,32,No,7,4,3,No,3
E0000338,29,Female,Divorced,Flight Attendant,1,2,3,4,1,14,21,Yes,5,2,5,Yes,2
E0000339,23,Female,Married,Check-in agent,2,2,3,2,4,15,18,Yes,10,3,5,No,3
E0000340,30,Male,Married,Flight Attendant,2,2,4,2,3,14,21,Yes,3,3,1,No,2
E0000341,30,Female,Married,Check-in agent,9,2,4,5,3,12,21,Yes,6,3,2,No,2
E0000342,40,Female,Married,Check-in agent,1,2,3,5,2,11,25,Yes,6,2,3,Yes,2
E0000343,23,Female,Married,Check-in agent,17,4,4,1,1,16,18,Yes,3,4,3,No,4
E0000344,23,Female,Single,Check-in agent,28,2,4,1,2,20,18,Yes,11,3,2,No,3
E0000345,44,Male,Married,Check-in agent,2,4,2,4,3,12,28,No,4,4,2,No,4
E0000346,34,Male,Divorced,Check-in agent,29,4,2,4,3,9,23,Yes,7,4,2,No,3
E0000347,23,Male,Single,Check-in agent,13,2,3,1,3,8,18,Yes,8,3,4,No,3
E0000348,22,Male,Married,Check-in agent,16,2,2,5,3,12,18,Yes,9,2,4,Yes,2
E0000349,49,Male,Married,Flight Attendant,2,5,3,5,3,13,28,No,4,1,2,Yes,5
E0000350,27,Male,Divorced,Flight Attendant,2,2,3,1,3,12,21,Yes,4,2,3,Yes,2
E0000351,51,Female,Divorced,Flight Attendant,13,2,2,1,2,11,32,No,7,3,3,No,3
E0000352,51,Female,Single,Flight Attendant,1,2,1,2,1,8,32,No,11,3,5,No,3
E0000353,26,Female,Married,Check-in agent,1,2,4,3,3,9,21,Yes,10,3,3,No,2
E0000354,40,Female,Married,Flight Attendant,19,5,4,3,1,7,25,Yes,3,1,3,Yes,5
E0000355,54,Female,Single,Check-in agent,7,2,2,2,3,11,32,No,9,2,3,Yes,2
E0000356,28,Female,Single,Check-in agent,2,2,4,2,2,12,21,Yes,11,3,5,No,3
E0000357,44,Female,Married,Flight Attendant,5,2,1,5,3,14,28,No,4,3,2,No,3
E0000358,22,Female,Single,Check-in agent,8,2,3,2,3,15,18,Yes,9,2,1,Yes,2
E0000359,33,Female,Single,Check-in agent,1,3,4,3,4,14,23,Yes,7,4,2,No,2
E0000360,39,Female,Divorced,Flight Attendant,15,2,3,5,2,12,25,Yes,4,3,3,No,3
E0000361,30,Female,Married,Check-in agent,2,2,4,5,4,11,21,Yes,4,3,5,No,3
E0000362,46,Female,Single,Flight Attendant,2,2,4,5,3,16,28,No,10,2,1,Yes,2
E0000363,23,Female,Single,Flight Attendant,11,3,4,3,3,20,18,Yes,7,4,5,No,3
E0000364,47,Female,Single,Flight Attendant,16,2,1,3,3,12,28,No,12,2,3,Yes,2
E0000365,48,Female,Married,Check-in agent,2,2,3,1,2,9,28,No,4,2,2,Yes,2
E0000366,22,Male,Single,Check-in agent,5,2,2,1,3,8,18,Yes,5,3,2,No,3
E0000367,41,Male,Married,Check-in agent,18,2,2,1,1,12,28,No,6,3,4,No,3
E0000368,25,Male,Married,Check-in agent,17,2,3,3,2,13,18,Yes,5,3,2,No,2
E0000369,38,Male,Divorced,Check-in agent,4,2,4,3,3,12,25,Yes,7,2,5,Yes,2
E0000370,55,Male,Divorced,Check-in agent,9,2,3,5,3,11,32,No,8,3,2,No,3
E0000371,34,Male,Divorced,Flight Attendant,10,2,4,5,3,3,23,Yes,10,3,4,No,3
E0000372,37,Female,Single,Flight Attendant,3,2,4,5,1,1,25,Yes,3,3,2,No,3
E0000373,25,Female,Married,Check-in agent,6,2,4,2,2,1,18,Yes,8,3,5,No,3
E0000374,28,Female,Married,Check-in agent,8,2,3,5,3,1,21,Yes,6,3,5,No,3
E0000375,40,Female,Married,Flight Attendant,29,2,1,4,2,8,25,Yes,11,3,4,No,2
E0000376,31,Male,Married,Check-in agent,10,2,4,2,3,9,23,Yes,10,3,2,No,2
E0000377,30,Male,Divorced,Check-in agent,1,2,3,5,3,7,21,Yes,4,2,5,Yes,2
E0000378,48,Female,Married,Check-in agent,8,2,4,3,4,11,28,No,3,3,3,No,2
E0000379,25,Female,Single,Flight Attendant,26,2,2,3,2,12,18,Yes,9,3,4,No,3
E0000380,31,Female,Married,Check-in agent,2,2,3,4,3,14,23,Yes,4,2,5,Yes,2
E0000381,53,Male,Divorced,Check-in agent,2,2,2,1,3,15,32,No,10,3,1,No,3
E0000382,34,Female,Married,Check-in agent,9,2,4,5,3,14,23,Yes,8,2,2,Yes,2
E0000383,43,Female,Divorced,Flight Attendant,20,2,3,1,3,12,28,No,10,3,5,No,2
E0000384,44,Female,Single,Check-in agent,9,2,1,2,3,11,28,No,12,2,4,Yes,2
E0000385,25,Male,Single,Check-in agent,5,5,2,3,4,16,18,Yes,11,1,4,Yes,5
E0000386,26,Female,Divorced,Flight Attendant,4,3,3,3,3,20,21,Yes,5,4,3,No,3
E0000387,22,Male,Married,Flight Attendant,8,2,2,1,4,12,18,Yes,9,3,3,No,2
E0000388,45,Male,Divorced,Check-in agent,2,2,2,1,3,9,28,No,8,2,3,Yes,3
E0000389,25,Male,Married,Check-in agent,23,3,2,5,1,8,18,Yes,10,4,5,No,2
E0000390,51,Female,Divorced,Check-in agent,4,2,3,4,2,12,32,No,5,3,1,No,2
E0000391,46,Female,Divorced,Check-in agent,12,2,2,1,3,13,28,No,7,3,1,No,2
E0000392,45,Female,Married,Check-in agent,7,2,4,3,3,12,28,No,6,2,3,Yes,2
E0000393,33,Female,Married,Flight Attendant,7,2,1,1,3,11,23,Yes,9,3,3,No,3
E0000394,53,Female,Single,Flight Attendant,10,2,3,5,3,8,32,No,11,3,2,No,3
E0000395,41,Female,Married,Check-in agent,15,2,1,5,3,9,28,No,10,3,1,No,3
E0000396,43,Female,Single,Check-in agent,14,5,2,5,3,7,28,No,9,1,2,Yes,5
E0000397,32,Female,Married,Flight Attendant,2,4,3,3,3,11,23,Yes,6,4,2,No,4
E0000398,46,Female,Married,Check-in agent,2,2,4,3,3,12,28,No,9,3,4,No,3
E0000399,25,Male,Married,Flight Attendant,2,2,1,2,3,14,18,Yes,8,3,4,No,2
E0000400,40,Female,Single,Check-in agent,5,2,4,2,3,15,25,Yes,8,2,3,Yes,2
E0000401,38,Female,Married,Check-in agent,20,4,4,2,3,14,25,Yes,3,4,5,No,4
E0000402,27,Female,Single,Flight Attendant,10,3,4,4,3,12,21,Yes,7,4,2,No,2
E0000403,48,Female,Married,Check-in agent,10,2,3,4,3,11,28,No,5,2,2,Yes,2
E0000404,26,Female,Single,Check-in agent,9,2,2,2,3,16,21,Yes,12,3,4,No,2
E0000405,38,Male,Divorced,Check-in agent,29,2,4,5,1,20,25,Yes,7,3,4,No,3
E0000406,24,Male,Single,Check-in agent,8,2,4,1,3,12,18,Yes,9,3,1,No,3
E0000407,26,Female,Single,Flight Attendant,2,2,3,3,2,9,21,Yes,3,2,2,Yes,2
E0000408,46,Female,Divorced,Flight Attendant,3,2,1,1,4,8,28,No,6,3,1,No,2
E0000409,45,Female,Married,Check-in agent,10,2,4,2,2,12,28,No,9,3,4,No,2
E0000410,24,Male,Single,Check-in agent,24,2,4,5,2,13,18,Yes,3,2,4,Yes,2
E0000411,34,Male,Married,Check-in agent,2,4,2,4,2,12,23,Yes,8,4,4,No,3
E0000412,23,Female,Single,Check-in agent,7,2,4,4,3,11,18,Yes,12,3,3,No,2
E0000413,53,Female,Married,Flight Attendant,10,2,2,5,2,8,32,No,10,3,4,No,3
E0000414,26,Female,Married,Flight Attendant,4,2,3,2,3,9,21,Yes,11,3,5,No,3
E0000415,34,Male,Single,Check-in agent,7,2,4,4,3,7,23,Yes,6,3,1,No,2
E0000416,24,Male,Married,Check-in agent,7,2,4,2,3,11,18,Yes,3,3,1,No,2
E0000417,33,Male,Divorced,Check-in agent,1,2,1,5,3,12,23,Yes,10,3,2,No,2
E0000418,35,Female,Married,Check-in agent,1,2,2,3,2,14,23,Yes,4,2,4,Yes,2
E0000419,42,Female,Single,Flight Attendant,2,2,1,1,4,15,28,No,5,2,2,Yes,2
E0000420,21,Female,Divorced,Check-in agent,22,2,4,2,3,14,18,Yes,4,3,3,No,3
E0000421,46,Male,Married,Check-in agent,1,2,2,4,4,12,28,No,12,3,5,No,2
E0000422,36,Female,Married,Check-in agent,16,2,4,5,1,11,25,Yes,3,3,3,No,3
E0000423,30,Female,Single,Check-in agent,24,2,1,1,3,16,21,Yes,5,3,1,No,3
E0000424,47,Female,Married,Flight Attendant,17,5,3,4,2,20,28,No,10,1,5,Yes,5
E0000425,45,Female,Married,Flight Attendant,8,2,3,4,3,12,28,No,4,3,2,No,2
E0000426,27,Male,Married,Check-in agent,6,4,3,2,3,9,21,Yes,4,4,3,No,3
E0000427,55,Female,Divorced,Flight Attendant,10,2,3,1,3,8,32,No,12,3,2,No,3
E0000428,46,Female,Married,Flight Attendant,3,2,4,3,2,12,28,No,5,2,4,Yes,2
E0000429,49,Female,Divorced,Check-in agent,4,2,1,4,4,13,28,No,12,2,2,Yes,2
E0000430,41,Female,Married,Check-in agent,6,2,3,3,4,12,28,No,7,3,3,No,3
E0000431,49,Female,Single,Check-in agent,1,2,2,2,3,11,28,No,4,3,1,No,2
E0000432,46,Female,Single,Flight Attendant,10,2,2,1,3,8,28,No,12,2,2,Yes,2
E0000433,45,Female,Married,Flight Attendant,1,2,3,1,2,9,28,No,10,3,4,No,3
E0000434,54,Female,Married,Flight Attendant,21,2,1,3,1,7,32,No,12,3,1,No,2
E0000435,41,Male,Married,Check-in agent,2,2,2,4,3,11,28,No,12,2,1,Yes,2
E0000436,49,Female,Married,Check-in agent,22,2,3,1,2,12,28,No,11,3,1,No,2
E0000437,54,Female,Married,Check-in agent,14,3,3,2,3,14,32,No,5,4,5,No,3
E0000438,42,Female,Married,Flight Attendant,11,2,4,2,2,15,28,No,11,3,3,No,3
E0000439,33,Female,Divorced,Check-in agent,8,2,4,4,2,14,23,Yes,4,3,5,No,2
E0000440,44,Female,Married,Check-in agent,21,2,4,4,3,12,28,No,3,2,3,Yes,2
E0000441,47,Female,Single,Check-in agent,5,2,1,3,4,11,28,No,10,3,3,No,3
E0000442,55,Female,Divorced,Check-in agent,9,4,2,3,3,16,32,No,10,4,1,No,3
E0000443,44,Female,Married,Check-in agent,2,2,2,3,3,20,28,No,10,3,5,No,3
E0000444,42,Female,Divorced,Flight Attendant,12,2,2,1,3,12,28,No,5,3,3,No,3
E0000445,37,Female,Married,Flight Attendant,18,5,2,3,3,9,25,Yes,10,1,2,Yes,5
E0000446,28,Female,Single,Check-in agent,16,2,3,2,3,8,21,Yes,12,2,5,Yes,2
E0000447,48,Female,Divorced,Check-in agent,3,4,3,2,3,12,28,No,11,4,2,No,3
E0000448,51,Male,Married,Check-in agent,9,2,1,1,4,13,32,No,11,3,5,No,3
E0000449,47,Male,Single,Flight Attendant,1,2,1,5,3,12,28,No,5,2,1,Yes,2
E0000450,50,Female,Divorced,Flight Attendant,13,2,4,1,3,11,28,No,3,2,5,Yes,3
E0000451,22,Female,Single,Check-in agent,1,2,3,5,3,1,18,Yes,11,2,1,Yes,2
E0000452,32,Female,Divorced,Check-in agent,15,2,3,4,3,2,23,Yes,12,3,3,No,3
E0000453,33,Male,Divorced,Check-in agent,17,2,3,4,2,3,23,Yes,3,2,5,Yes,2
E0000454,46,Female,Married,Flight Attendant,7,2,3,5,3,8,28,No,11,3,1,No,2
E0000455,35,Male,Single,Flight Attendant,9,2,4,4,3,9,23,Yes,6,3,2,No,2
E0000456,54,Female,Single,Check-in agent,5,2,4,3,2,7,32,No,9,3,3,No,3
E0000457,42,Female,Married,Flight Attendant,26,2,1,1,3,11,28,No,10,3,1,No,2
E0000458,40,Female,Single,Flight Attendant,24,2,1,2,3,12,25,Yes,7,2,3,Yes,2
E0000459,54,Female,Married,Check-in agent,9,2,1,1,3,14,32,No,11,2,1,Yes,2
E0000460,24,Male,Divorced,Check-in agent,7,2,4,4,3,15,18,Yes,4,3,1,No,2
E0000461,36,Male,Married,Check-in agent,11,2,1,3,3,14,25,Yes,6,3,4,No,3
E0000462,24,Male,Married,Check-in agent,26,2,3,2,4,12,18,Yes,3,3,5,No,3
E0000463,53,Female,Divorced,Check-in agent,2,2,4,2,1,11,32,No,6,3,4,No,3
E0000464,37,Male,Single,Flight Attendant,15,2,2,2,3,16,25,Yes,11,3,5,No,3
E0000465,38,Male,Single,Check-in agent,23,2,4,5,2,20,25,Yes,11,3,5,No,3
E0000466,24,Male,Single,Check-in agent,1,2,2,4,2,12,18,Yes,9,2,3,Yes,2
E0000467,35,Male,Single,Check-in agent,12,4,4,3,3,9,23,Yes,5,4,2,No,3
E0000468,49,Female,Married,Check-in agent,11,3,4,4,3,8,28,No,3,4,5,No,3
E0000469,44,Female,Married,Flight Attendant,2,2,2,5,3,12,28,No,11,3,2,No,2
E0000470,46,Female,Married,Check-in agent,1,2,4,2,3,13,28,No,10,2,5,Yes,2
E0000471,55,Female,Divorced,Check-in agent,2,2,4,2,3,12,32,No,3,2,5,Yes,2
E0000472,55,Female,Single,Check-in agent,25,2,1,3,3,11,32,No,11,3,4,No,3
E0000473,35,Male,Married,Flight Attendant,1,2,4,5,3,1,23,Yes,10,3,5,No,3
E0000474,35,Male,Divorced,Check-in agent,18,2,4,2,3,1,23,Yes,5,2,3,Yes,2
E0000475,48,Female,Married,Check-in agent,1,2,4,1,3,8,28,No,6,3,2,No,2
E0000476,31,Female,Married,Check-in agent,1,5,3,2,3,9,23,Yes,8,1,4,Yes,5
E0000477,50,Female,Single,Check-in agent,1,4,4,5,3,7,28,No,8,4,4,No,3
E0000478,46,Female,Single,Check-in agent,9,2,2,5,3,11,28,No,11,3,1,No,2
E0000479,55,Female,Married,Check-in agent,15,2,2,2,3,12,32,No,4,3,4,No,3
E0000480,24,Female,Single,Check-in agent,29,2,3,5,2,14,18,Yes,4,3,1,No,2
E0000481,46,Female,Married,Check-in agent,1,2,1,1,3,15,28,No,8,2,5,Yes,2
E0000482,51,Female,Single,Check-in agent,24,2,1,5,3,14,32,No,10,3,4,No,3
E0000483,48,Female,Divorced,Flight Attendant,8,2,1,3,3,12,28,No,10,2,1,Yes,2
E0000484,37,Male,Single,Check-in agent,1,2,2,2,3,11,25,Yes,5,3,2,No,2
E0000485,48,Female,Married,Flight Attendant,3,2,1,5,2,16,28,No,7,3,2,No,2
E0000486,52,Female,Divorced,Check-in agent,1,2,3,2,3,20,32,No,10,2,2,Yes,2
E0000487,36,Female,Married,Check-in agent,1,4,1,1,3,12,25,Yes,7,4,1,No,3
E0000488,55,Female,Married,Check-in agent,7,5,4,4,3,9,32,No,8,1,5,Yes,5
E0000489,27,Female,Married,Flight Attendant,28,2,4,2,2,8,21,Yes,7,3,3,No,3
E0000490,26,Male,Divorced,Flight Attendant,15,2,4,3,1,12,21,Yes,4,2,4,Yes,2
E0000491,33,Male,Divorced,Flight Attendant,3,2,3,3,2,13,23,Yes,5,3,5,No,3
E0000492,31,Male,Single,Check-in agent,2,2,4,1,3,12,23,Yes,9,3,5,No,3
E0000493,52,Female,Married,Flight Attendant,10,2,1,3,3,11,32,No,8,3,5,No,3
E0000494,28,Male,Divorced,Flight Attendant,1,2,2,5,3,1,21,Yes,10,3,2,No,2
E0000495,45,Female,Married,Flight Attendant,11,2,2,1,2,8,28,No,11,2,5,Yes,2
E0000496,39,Male,Single,Check-in agent,2,2,3,3,2,9,25,Yes,5,3,1,No,2
E0000497,45,Male,Married,Check-in agent,18,3,3,3,3,7,28,No,12,4,4,No,3
E0000498,22,Female,Married,Check-in agent,2,2,3,1,3,11,18,Yes,11,3,1,No,2
E0000499,29,Female,Married,Check-in agent,1,2,3,4,1,12,21,Yes,3,3,1,No,2
E0000500,39,Male,Married,Check-in agent,13,2,4,3,2,14,25,Yes,11,3,4,No,3
E0000501,35,Female,Single,Check-in agent,28,5,4,2,2,15,23,Yes,3,1,3,Yes,5
E0000502,25,Female,Divorced,Flight Attendant,28,2,4,5,2,14,18,Yes,10,3,2,No,2
E0000503,29,Female,Married,Flight Attendant,24,2,2,3,2,12,21,Yes,7,2,2,Yes,2
E0000504,50,Female,Married,Check-in agent,6,2,4,1,2,11,28,No,5,3,2,No,2
E0000505,49,Female,Married,Flight Attendant,2,2,4,4,2,16,28,No,4,2,1,Yes,2
E0000506,35,Female,Married,Check-in agent,8,4,2,3,4,20,23,Yes,6,4,5,No,4
E0000507,45,Female,Single,Flight Attendant,1,5,2,3,3,12,28,No,4,1,2,Yes,5
E0000508,47,Female,Married,Check-in agent,2,2,1,4,2,9,28,No,11,3,2,No,2
E0000509,48,Male,Married,Flight Attendant,8,2,3,2,3,8,28,No,4,3,4,No,3
E0000510,37,Female,Single,Check-in agent,2,2,2,3,3,12,25,Yes,9,2,5,Yes,2
E0000511,29,Female,Married,Flight Attendant,1,2,3,4,4,13,21,Yes,9,3,4,No,3
E0000512,36,Male,Single,Flight Attendant,8,2,4,2,3,12,25,Yes,11,3,3,No,3
E0000513,26,Male,Single,Flight Attendant,23,2,2,1,3,11,21,Yes,7,3,5,No,3
E0000514,48,Male,Single,Flight Attendant,5,2,1,4,3,8,28,No,5,3,1,No,2
E0000515,25,Female,Divorced,Flight Attendant,1,2,2,1,3,9,18,Yes,6,2,1,Yes,2
E0000516,51,Female,Married,Flight Attendant,23,2,3,1,2,7,32,No,4,2,3,Yes,2
E0000517,29,Male,Married,Flight Attendant,18,2,2,3,3,11,21,Yes,8,2,4,Yes,2
E0000518,43,Female,Single,Flight Attendant,25,2,1,3,3,12,28,No,4,2,4,Yes,2
E0000519,43,Male,Single,Flight Attendant,1,2,3,3,2,14,28,No,5,3,4,No,3
E0000520,55,Female,Married,Flight Attendant,1,2,1,2,3,15,32,No,5,3,4,No,2
E0000521,41,Female,Single,Flight Attendant,9,2,3,2,2,14,28,No,6,3,5,No,3
E0000522,53,Female,Single,Flight Attendant,21,5,3,3,3,12,32,No,5,1,3,Yes,5
E0000523,41,Female,Divorced,Flight Attendant,4,2,3,3,2,11,28,No,8,2,1,Yes,2
E0000524,38,Male,Single,Flight Attendant,6,2,2,3,3,16,25,Yes,4,3,1,No,2
E0000525,28,Female,Married,Flight Attendant,3,2,1,1,3,20,21,Yes,12,2,5,Yes,2
E0000526,36,Male,Married,Flight Attendant,4,3,2,1,3,12,25,Yes,5,4,4,No,3
E0000527,45,Female,Single,Flight Attendant,10,2,4,3,3,9,28,No,7,2,4,Yes,2
E0000528,39,Female,Single,Flight Attendant,5,2,3,5,2,8,25,Yes,9,3,2,No,2
E0000529,43,Female,Single,Check-in agent,26,2,4,3,4,12,28,No,9,3,5,No,3
E0000530,33,Male,Single,Flight Attendant,3,2,3,5,3,13,23,Yes,12,3,1,No,2
E0000531,33,Female,Married,Check-in agent,26,4,3,4,3,12,23,Yes,11,4,4,No,4
E0000532,53,Female,Married,Flight Attendant,22,3,3,2,3,11,32,No,9,4,1,No,2
E0000533,22,Female,Married,Flight Attendant,6,2,2,5,1,1,18,Yes,6,2,2,Yes,2
E0000534,43,Female,Single,Flight Attendant,12,2,3,5,3,8,28,No,6,3,2,No,2
E0000535,34,Female,Married,Flight Attendant,20,2,2,2,1,9,23,Yes,5,3,3,No,2
E0000536,31,Male,Divorced,Flight Attendant,9,2,3,1,3,7,23,Yes,11,3,4,No,2
E0000537,50,Male,Married,Flight Attendant,28,2,1,4,2,11,28,No,8,3,4,No,2
E0000538,24,Male,Married,Flight Attendant,1,2,3,5,3,12,18,Yes,5,3,5,No,2
E0000539,26,Female,Single,Flight Attendant,8,2,2,1,3,14,21,Yes,4,3,4,No,2
E0000540,36,Male,Married,Flight Attendant,4,2,3,5,2,15,25,Yes,9,2,3,Yes,2
E0000541,36,Female,Married,Flight Attendant,5,2,2,2,3,14,25,Yes,10,3,1,No,2
E0000542,41,Female,Single,Flight Attendant,1,3,1,3,2,12,28,No,10,4,3,No,2
E0000543,54,Female,Divorced,Flight Attendant,4,4,3,2,3,11,32,No,10,4,1,No,4
E0000544,32,Female,Divorced,Flight Attendant,1,2,2,3,3,16,23,Yes,12,3,3,No,2
E0000545,50,Female,Married,Flight Attendant,27,2,2,1,3,20,28,No,6,2,4,Yes,2
E0000546,30,Male,Married,Flight Attendant,4,2,4,2,1,12,21,Yes,10,2,5,Yes,2
E0000547,31,Female,Single,Flight Attendant,20,2,4,4,3,9,23,Yes,4,3,3,No,2
E0000548,40,Female,Single,Flight Attendant,26,2,3,2,2,8,25,Yes,12,2,3,Yes,2
E0000549,26,Female,Single,Flight Attendant,6,2,4,2,2,12,21,Yes,12,3,4,No,2
E0000550,53,Female,Married,Flight Attendant,3,2,4,3,3,13,32,No,10,3,2,No,2
E0000551,28,Female,Married,Flight Attendant,1,2,2,1,3,12,21,Yes,12,3,2,No,2
E0000552,44,Female,Single,Flight Attendant,1,3,3,4,3,11,28,No,7,4,3,No,2
E0000553,30,Female,Married,Flight Attendant,26,2,3,4,3,1,21,Yes,11,3,5,No,2
E0000554,48,Female,Divorced,Flight Attendant,20,2,4,2,3,8,28,No,11,3,2,No,2
E0000555,37,Female,Married,Flight Attendant,2,2,4,4,2,9,25,Yes,8,3,4,No,2
E0000556,51,Male,Married,Flight Attendant,2,2,1,5,2,7,32,No,4,3,5,No,2
E0000557,30,Male,Married,Flight Attendant,6,3,3,5,3,11,21,Yes,9,4,4,No,2
E0000558,42,Female,Divorced,Flight Attendant,7,2,1,3,4,12,28,No,5,3,4,No,2
E0000559,33,Male,Married,Flight Attendant,1,2,2,3,3,14,23,Yes,6,3,1,No,2
E0000560,30,Male,Single,Flight Attendant,4,2,4,5,2,15,21,Yes,4,3,1,No,2
E0000561,29,Female,Married,Flight Attendant,26,3,3,5,3,14,21,Yes,5,4,1,No,2
E0000562,22,Male,Married,Flight Attendant,16,2,3,3,3,12,18,Yes,5,2,2,Yes,2
E0000563,48,Female,Married,Flight Attendant,7,2,4,3,2,11,28,No,8,2,3,Yes,2
E0000564,39,Female,Married,Flight Attendant,8,2,3,5,2,16,25,Yes,9,3,2,No,2
E0000565,52,Female,Single,Flight Attendant,2,2,4,2,3,20,32,No,10,3,3,No,2
E0000566,50,Female,Divorced,Flight Attendant,7,2,4,2,3,12,28,No,12,3,5,No,2
E0000567,52,Female,Married,Flight Attendant,3,2,4,2,3,9,32,No,11,2,3,Yes,2
E0000568,49,Female,Single,Flight Attendant,10,2,2,3,2,8,28,No,8,2,4,Yes,2
E0000569,49,Male,Married,Flight Attendant,1,2,3,2,3,12,28,No,9,3,2,No,2
E0000570,32,Male,Married,Flight Attendant,1,2,2,2,1,13,23,Yes,11,2,2,Yes,2
E0000571,48,Female,Divorced,Flight Attendant,5,2,4,4,2,12,28,No,6,3,2,No,2
E0000572,49,Female,Married,Flight Attendant,8,2,2,3,3,11,28,No,10,3,4,No,2
E0000573,44,Female,Divorced,Flight Attendant,10,2,4,2,2,8,28,No,10,3,4,No,2
E0000574,49,Female,Married,Flight Attendant,2,2,4,5,3,9,28,No,10,2,5,Yes,2
E0000575,53,Female,Married,Flight Attendant,1,2,3,4,3,7,32,No,11,3,5,No,2
E0000576,36,Female,Single,Flight Attendant,1,2,4,1,3,11,25,Yes,7,3,3,No,2
E0000577,31,Male,Married,Flight Attendant,3,2,1,2,2,12,23,Yes,3,3,1,No,2
E0000578,40,Male,Single,Flight Attendant,4,2,1,4,3,14,25,Yes,12,3,4,No,2
E0000579,23,Male,Married,Flight Attendant,22,2,3,4,2,15,18,Yes,11,3,4,No,2
E0000580,34,Male,Single,Flight Attendant,9,2,2,2,3,14,23,Yes,3,3,3,No,2
E0000581,44,Female,Married,Flight Attendant,14,2,3,5,3,12,28,No,11,2,5,Yes,2
E0000582,52,Female,Single,Flight Attendant,19,2,1,5,4,11,32,No,9,2,2,Yes,2
E0000583,37,Female,Married,Flight Attendant,2,2,2,3,2,16,25,Yes,12,3,4,No,2
E0000584,28,Female,Divorced,Flight Attendant,2,2,4,1,3,20,21,Yes,8,3,3,No,2
E0000585,35,Female,Single,Flight Attendant,4,2,2,5,2,12,23,Yes,11,3,3,No,2
E0000586,47,Female,Married,Flight Attendant,25,2,2,1,3,9,28,No,5,3,4,No,2
E0000587,42,Male,Divorced,Flight Attendant,1,2,2,2,3,8,28,No,6,3,1,No,2
E0000588,43,Female,Single,Flight Attendant,12,2,2,4,3,12,28,No,7,3,4,No,2
E0000589,28,Male,Married,Flight Attendant,1,2,2,4,4,13,21,Yes,5,3,4,No,2
E0000590,43,Male,Divorced,Flight Attendant,17,2,3,1,3,12,28,No,3,3,5,No,2
E0000591,53,Female,Divorced,Flight Attendant,23,5,1,1,3,11,32,No,10,1,2,Yes,5
E0000592,22,Male,Married,Flight Attendant,3,5,3,4,3,3,18,Yes,9,1,4,Yes,5
E0000593,30,Female,Married,Flight Attendant,22,2,3,5,3,4,21,Yes,7,3,4,No,2
E0000594,55,Female,Married,Flight Attendant,29,2,2,1,2,8,32,No,5,3,2,No,2
E0000595,51,Female,Married,Flight Attendant,2,5,1,1,3,9,32,No,3,1,2,Yes,5
E0000596,31,Female,Divorced,Flight Attendant,2,2,4,4,2,7,23,Yes,5,3,5,No,2
E0000597,51,Female,Married,Flight Attendant,10,2,3,5,2,11,32,No,8,3,2,No,2
E0000598,47,Male,Divorced,Flight Attendant,9,3,3,4,3,12,28,No,7,4,3,No,2
E0000599,26,Male,Married,Flight Attendant,15,3,2,4,3,14,21,Yes,9,4,1,No,2
E0000600,34,Male,Married,Flight Attendant,16,2,4,2,3,15,23,Yes,6,3,2,No,2
E0000601,47,Male,Single,Flight Attendant,10,2,2,3,3,14,28,No,12,2,5,Yes,2
E0000602,31,Male,Single,Flight Attendant,4,2,3,4,2,12,23,Yes,5,3,5,No,2
E0000603,34,Female,Married,Flight Attendant,2,2,2,1,3,11,23,Yes,11,3,4,No,2
E0000604,48,Female,Single,Flight Attendant,10,2,4,1,3,16,28,No,7,3,2,No,2
E0000605,51,Female,Married,Flight Attendant,1,2,2,4,3,20,32,No,6,3,1,No,2
E0000606,55,Female,Single,Flight Attendant,2,4,2,2,3,12,32,No,6,4,2,No,4
E0000607,30,Male,Married,Flight Attendant,2,3,4,2,3,9,21,Yes,12,4,5,No,2
E0000608,46,Male,Divorced,Flight Attendant,28,2,3,3,1,8,28,No,6,3,1,No,2
E0000609,32,Female,Single,Flight Attendant,1,2,1,4,3,12,23,Yes,9,3,2,No,2
E0000610,23,Male,Single,Flight Attendant,21,2,4,1,4,13,18,Yes,12,3,3,No,2
E0000611,38,Female,Married,Flight Attendant,18,2,1,1,3,12,25,Yes,10,2,3,Yes,2
E0000612,34,Male,Divorced,Flight Attendant,18,2,4,1,2,11,23,Yes,6,3,4,No,2
E0000613,40,Male,Married,Flight Attendant,28,4,1,4,3,8,25,Yes,11,4,2,No,3
E0000614,50,Female,Married,Flight Attendant,7,2,1,4,3,9,28,No,5,3,2,No,2
E0000615,22,Male,Divorced,Flight Attendant,13,5,2,1,3,7,18,Yes,9,1,4,Yes,5
E0000616,28,Male,Divorced,Flight Attendant,6,4,1,4,4,11,21,Yes,6,4,4,No,4
E0000617,46,Female,Married,Flight Attendant,2,2,4,2,3,12,28,No,10,2,1,Yes,2
E0000618,53,Female,Divorced,Flight Attendant,9,2,4,3,3,14,32,No,11,3,1,No,2
E0000619,22,Female,Married,Flight Attendant,1,5,4,1,2,15,18,Yes,8,1,4,Yes,5
E0000620,44,Female,Married,Flight Attendant,3,4,4,3,3,14,28,No,12,4,1,No,4
E0000621,33,Female,Married,Flight Attendant,1,2,2,5,3,12,23,Yes,5,2,2,Yes,2
E0000622,30,Female,Married,Flight Attendant,3,2,2,5,3,11,21,Yes,7,2,3,Yes,2
E0000623,23,Male,Single,Flight Attendant,6,2,2,2,1,16,18,Yes,3,3,3,No,2
E0000624,54,Female,Single,Flight Attendant,10,2,4,2,3,20,32,No,6,3,4,No,2
E0000625,55,Female,Single,Flight Attendant,3,2,1,5,3,12,32,No,8,3,3,No,2
E0000626,32,Female,Married,Flight Attendant,8,2,4,1,4,9,23,Yes,5,3,5,No,2
E0000627,45,Female,Single,Flight Attendant,7,2,4,2,2,8,28,No,3,3,2,No,2
E0000628,54,Female,Married,Flight Attendant,2,2,2,2,4,12,32,No,11,3,4,No,2
E0000629,30,Female,Divorced,Flight Attendant,3,2,4,3,4,13,21,Yes,3,3,1,No,2
E0000630,25,Female,Single,Flight Attendant,10,2,4,5,4,12,18,Yes,3,3,4,No,2
E0000631,55,Male,Married,Flight Attendant,28,2,4,1,4,11,32,No,12,3,3,No,2
E0000632,50,Female,Single,Flight Attendant,3,2,1,1,3,20,28,No,6,3,5,No,2
